<?xml version="1.0" encoding="UTF-8"?>
<project-private xmlns="http://www.netbeans.org/ns/project-private/1">
    <editor-bookmarks xmlns="http://www.netbeans.org/ns/editor-bookmarks/2" lastBookmarkId="0"/>
    <open-files xmlns="http://www.netbeans.org/ns/projectui-open-files/2">
        <group>
            <file>file:/C:/xampp/htdocs/pds/config.php</file>
            <file>file:/C:/xampp/htdocs/pds/views/dashboard/index.php</file>
            <file>file:/C:/xampp/htdocs/pds/views/header.php</file>
            <file>file:/C:/xampp/htdocs/pds/.htaccess</file>
            <file>file:/C:/xampp/htdocs/pds/controllers/dashboard.php</file>
            <file>file:/C:/xampp/htdocs/pds/views/dashboard/incs/dheader.php</file>
            <file>file:/C:/xampp/htdocs/pds/views/footer.php</file>
            <file>file:/C:/xampp/htdocs/pds/views/dashboard/js/default.js</file>
        </group>
    </open-files>
</project-private>
